{"Matrix": [-0.6859206557273865, 0.0, 0.7276763319969177, 0.0, 0.32401347160339355, 0.8953956365585327, 0.305420845746994, 0.0, -0.6515582203865051, 0.44527140259742737, -0.6141703724861145, 0.0, -7.358891487121582, 4.958309173583984, -6.925790786743164, 1.0], "Fovy": 0.4710899591445923, "Near": 0.10000000149011612, "Far": 100.0}